"table","primary_key","column","old_value","new_value","reason","evidence_type","evidence_source"
"drivers","861","nationality","Argentinian ","Argentine","Kaggle stores 'Argentinian ' with a trailing space; every other Argentine driver in the table uses 'Argentine'.","internal","derived: trailing whitespace"
"pit_stops","1128|1|51","lap","2","51","Paired with the stop correction above.","internal","derived: stop>lap impossible; identical time+duration"
"pit_stops","1128|822|15","lap","2","15","Paired with the stop correction above.","internal","derived: stop>lap impossible; identical time+duration"
"pit_stops","1128|830|52","lap","2","52","Paired with the stop correction above.","internal","derived: stop>lap impossible; identical time+duration"
"pit_stops","1128|840|42","lap","2","42","Paired with the stop correction above.","internal","derived: stop>lap impossible; identical time+duration"
"pit_stops","1128|840|48","lap","3","48","Paired with the stop correction above.","internal","derived: stop>lap impossible; identical time+duration"
"pit_stops","1128|855|70","lap","2","70","Paired with the stop correction above.","internal","derived: stop>lap impossible; identical time+duration"
"pit_stops","1128|858|57","lap","2","57","Paired with the stop correction above.","internal","derived: stop>lap impossible; identical time+duration"
"pit_stops","1128|1|51","stop","51","2","stop and lap are transposed: stop > lap is impossible, and the row's time and duration are identical to Jolpica's, so it is the same event with two columns swapped. Kaggle's max stop number is 70.","internal","derived: stop>lap impossible; identical time+duration"
"pit_stops","1128|822|15","stop","15","2","stop and lap are transposed: stop > lap is impossible, and the row's time and duration are identical to Jolpica's, so it is the same event with two columns swapped. Kaggle's max stop number is 70.","internal","derived: stop>lap impossible; identical time+duration"
"pit_stops","1128|830|52","stop","52","2","stop and lap are transposed: stop > lap is impossible, and the row's time and duration are identical to Jolpica's, so it is the same event with two columns swapped. Kaggle's max stop number is 70.","internal","derived: stop>lap impossible; identical time+duration"
"pit_stops","1128|840|42","stop","42","2","stop and lap are transposed: stop > lap is impossible, and the row's time and duration are identical to Jolpica's, so it is the same event with two columns swapped. Kaggle's max stop number is 70.","internal","derived: stop>lap impossible; identical time+duration"
"pit_stops","1128|840|48","stop","48","3","stop and lap are transposed: stop > lap is impossible, and the row's time and duration are identical to Jolpica's, so it is the same event with two columns swapped. Kaggle's max stop number is 70.","internal","derived: stop>lap impossible; identical time+duration"
"pit_stops","1128|855|70","stop","70","2","stop and lap are transposed: stop > lap is impossible, and the row's time and duration are identical to Jolpica's, so it is the same event with two columns swapped. Kaggle's max stop number is 70.","internal","derived: stop>lap impossible; identical time+duration"
"pit_stops","1128|858|57","stop","57","2","stop and lap are transposed: stop > lap is impossible, and the row's time and duration are identical to Jolpica's, so it is the same event with two columns swapped. Kaggle's max stop number is 70.","internal","derived: stop>lap impossible; identical time+duration"
"qualifying","1151|860","position","16","19","Jolpica gives Bearman and Lawson both P16 and leaves P19 empty. Official qualifying classification: Lawson 16, Hulkenberg 17, Ocon 18, Bearman 19, Tsunoda 20 (no time).","official","https://www.formula1.com/en/results/2025/races/1260/emilia-romagna/qualifying"
"qualifying","1138|852","q1","1:30.710","1:30.716","Official Singapore qualifying gives Tsunoda a Q1 of 1:30.716; Kaggle has 1:30.710.","official","https://www.formula1.com/en/results/2024/races/1246/singapore/qualifying"
"results","1121|846","fastestLap","1","35","Kaggle records lap 1 as the fastest lap, which cannot happen on full fuel. Official confirms Jolpica's lap number.","official","https://www.formula1.com/en/results/2024/races/1229/bahrain/fastest-laps"
"results","1121|857","fastestLap","1","39","Kaggle records lap 1 as the fastest lap, which cannot happen on full fuel. Official confirms Jolpica's lap number.","official","https://www.formula1.com/en/results/2024/races/1229/bahrain/fastest-laps"
"results","1122|846","fastestLap","1","40","Kaggle records lap 1 as the fastest lap, which cannot happen on full fuel. Official confirms Jolpica's lap number.","official","https://www.formula1.com/en/results/2024/races/1230/saudi-arabia/fastest-laps"
"results","1122|852","fastestLap","49","44","Sargeant's and Tsunoda's fastest laps are swapped in Kaggle. Official: Sargeant lap 49 / 1:33.026 / rank 15, Tsunoda lap 44 / 1:33.523 / rank 18.","official","https://www.formula1.com/en/results/2024/races/1230/saudi-arabia/fastest-laps"
"results","1122|857","fastestLap","1","45","Kaggle records lap 1 as the fastest lap, which cannot happen on full fuel. Official confirms Jolpica's lap number.","official","https://www.formula1.com/en/results/2024/races/1230/saudi-arabia/fastest-laps"
"results","1122|858","fastestLap","44","49","Sargeant's and Tsunoda's fastest laps are swapped in Kaggle. Official: Sargeant lap 49 / 1:33.026 / rank 15, Tsunoda lap 44 / 1:33.523 / rank 18.","official","https://www.formula1.com/en/results/2024/races/1230/saudi-arabia/fastest-laps"
"results","1123|846","fastestLap","1","49","Kaggle records lap 1 as the fastest lap, which cannot happen on full fuel. Official confirms Jolpica's lap number.","official","https://www.formula1.com/en/results/2024/races/1230/saudi-arabia/fastest-laps"
"results","1123|857","fastestLap","1","54","Kaggle records lap 1 as the fastest lap, which cannot happen on full fuel. Official confirms Jolpica's lap number.","official","https://www.formula1.com/en/results/2024/races/1230/saudi-arabia/fastest-laps"
"results","1124|846","fastestLap","1","51","Kaggle records lap 1 as the fastest lap, which cannot happen on full fuel. Official confirms Jolpica's lap number.","official","https://www.formula1.com/en/results/2024/races/1230/saudi-arabia/fastest-laps"
"results","1124|857","fastestLap","1","35","Kaggle records lap 1 as the fastest lap, which cannot happen on full fuel. Official confirms Jolpica's lap number.","official","https://www.formula1.com/en/results/2024/races/1230/saudi-arabia/fastest-laps"
"results","1125|846","fastestLap","1","33","Kaggle records lap 1 as the fastest lap, which cannot happen on full fuel. Official confirms Jolpica's lap number.","official","https://www.formula1.com/en/results/2024/races/1230/saudi-arabia/fastest-laps"
"results","1125|857","fastestLap","1","18","Kaggle records lap 1 as the fastest lap, which cannot happen on full fuel. Official confirms Jolpica's lap number.","official","https://www.formula1.com/en/results/2024/races/1230/saudi-arabia/fastest-laps"
"results","1128|1","fastestLap","","63","Kaggle leaves this null; Jolpica supplies it and the value is consistent with the winner's time plus the stated gap.","internal","derived: winner_ms + gap == driver_ms"
"results","1128|4","fastestLap","","68","Kaggle leaves this null; Jolpica supplies it and the value is consistent with the winner's time plus the stated gap.","internal","derived: winner_ms + gap == driver_ms"
"results","1128|817","fastestLap","","46","Kaggle leaves this null; Jolpica supplies it and the value is consistent with the winner's time plus the stated gap.","internal","derived: winner_ms + gap == driver_ms"
"results","1128|822","fastestLap","","17","Kaggle leaves this null; Jolpica supplies it and the value is consistent with the winner's time plus the stated gap.","internal","derived: winner_ms + gap == driver_ms"
"results","1128|830","fastestLap","","58","Kaggle leaves this null; Jolpica supplies it and the value is consistent with the winner's time plus the stated gap.","internal","derived: winner_ms + gap == driver_ms"
"results","1128|832","fastestLap","","62","Kaggle leaves this null; Jolpica supplies it and the value is consistent with the winner's time plus the stated gap.","internal","derived: winner_ms + gap == driver_ms"
"results","1128|840","fastestLap","","59","Kaggle leaves this null; Jolpica supplies it and the value is consistent with the winner's time plus the stated gap.","internal","derived: winner_ms + gap == driver_ms"
"results","1128|842","fastestLap","","77","Kaggle leaves this null; Jolpica supplies it and the value is consistent with the winner's time plus the stated gap.","internal","derived: winner_ms + gap == driver_ms"
"results","1128|844","fastestLap","","71","Kaggle leaves this null; Jolpica supplies it and the value is consistent with the winner's time plus the stated gap.","internal","derived: winner_ms + gap == driver_ms"
"results","1128|846","fastestLap","","64","Kaggle leaves this null; Jolpica supplies it and the value is consistent with the winner's time plus the stated gap.","internal","derived: winner_ms + gap == driver_ms"
"results","1128|847","fastestLap","","73","Kaggle leaves this null; Jolpica supplies it and the value is consistent with the winner's time plus the stated gap.","internal","derived: winner_ms + gap == driver_ms"
"results","1128|848","fastestLap","","77","Kaggle leaves this null; Jolpica supplies it and the value is consistent with the winner's time plus the stated gap.","internal","derived: winner_ms + gap == driver_ms"
"results","1128|852","fastestLap","","77","Kaggle leaves this null; Jolpica supplies it and the value is consistent with the winner's time plus the stated gap.","internal","derived: winner_ms + gap == driver_ms"
"results","1128|855","fastestLap","","75","Kaggle leaves this null; Jolpica supplies it and the value is consistent with the winner's time plus the stated gap.","internal","derived: winner_ms + gap == driver_ms"
"results","1128|857","fastestLap","","73","Kaggle leaves this null; Jolpica supplies it and the value is consistent with the winner's time plus the stated gap.","internal","derived: winner_ms + gap == driver_ms"
"results","1128|858","fastestLap","","62","Kaggle leaves this null; Jolpica supplies it and the value is consistent with the winner's time plus the stated gap.","internal","derived: winner_ms + gap == driver_ms"
"results","1122|852","fastestLapTime","1:33.026","1:33.523","Sargeant's and Tsunoda's fastest laps are swapped in Kaggle. Official: Sargeant lap 49 / 1:33.026 / rank 15, Tsunoda lap 44 / 1:33.523 / rank 18.","official","https://www.formula1.com/en/results/2024/races/1230/saudi-arabia/fastest-laps"
"results","1122|858","fastestLapTime","1:33.523","1:33.026","Sargeant's and Tsunoda's fastest laps are swapped in Kaggle. Official: Sargeant lap 49 / 1:33.026 / rank 15, Tsunoda lap 44 / 1:33.523 / rank 18.","official","https://www.formula1.com/en/results/2024/races/1230/saudi-arabia/fastest-laps"
"results","1128|1","fastestLapTime","","1:14.165","Kaggle leaves this null; Jolpica supplies it and the value is consistent with the winner's time plus the stated gap.","internal","derived: winner_ms + gap == driver_ms"
"results","1128|4","fastestLapTime","","1:17.939","Kaggle leaves this null; Jolpica supplies it and the value is consistent with the winner's time plus the stated gap.","internal","derived: winner_ms + gap == driver_ms"
"results","1128|817","fastestLapTime","","1:17.172","Kaggle leaves this null; Jolpica supplies it and the value is consistent with the winner's time plus the stated gap.","internal","derived: winner_ms + gap == driver_ms"
"results","1128|822","fastestLapTime","","1:16.561","Kaggle leaves this null; Jolpica supplies it and the value is consistent with the winner's time plus the stated gap.","internal","derived: winner_ms + gap == driver_ms"
"results","1128|830","fastestLapTime","","1:14.569","Kaggle leaves this null; Jolpica supplies it and the value is consistent with the winner's time plus the stated gap.","internal","derived: winner_ms + gap == driver_ms"
"results","1128|832","fastestLapTime","","1:14.726","Kaggle leaves this null; Jolpica supplies it and the value is consistent with the winner's time plus the stated gap.","internal","derived: winner_ms + gap == driver_ms"
"results","1128|840","fastestLapTime","","1:16.710","Kaggle leaves this null; Jolpica supplies it and the value is consistent with the winner's time plus the stated gap.","internal","derived: winner_ms + gap == driver_ms"
"results","1128|842","fastestLapTime","","1:15.625","Kaggle leaves this null; Jolpica supplies it and the value is consistent with the winner's time plus the stated gap.","internal","derived: winner_ms + gap == driver_ms"
"results","1128|844","fastestLapTime","","1:15.162","Kaggle leaves this null; Jolpica supplies it and the value is consistent with the winner's time plus the stated gap.","internal","derived: winner_ms + gap == driver_ms"
"results","1128|846","fastestLapTime","","1:15.742","Kaggle leaves this null; Jolpica supplies it and the value is consistent with the winner's time plus the stated gap.","internal","derived: winner_ms + gap == driver_ms"
"results","1128|847","fastestLapTime","","1:15.228","Kaggle leaves this null; Jolpica supplies it and the value is consistent with the winner's time plus the stated gap.","internal","derived: winner_ms + gap == driver_ms"
"results","1128|848","fastestLapTime","","1:17.060","Kaggle leaves this null; Jolpica supplies it and the value is consistent with the winner's time plus the stated gap.","internal","derived: winner_ms + gap == driver_ms"
"results","1128|852","fastestLapTime","","1:14.720","Kaggle leaves this null; Jolpica supplies it and the value is consistent with the winner's time plus the stated gap.","internal","derived: winner_ms + gap == driver_ms"
"results","1128|855","fastestLapTime","","1:14.718","Kaggle leaves this null; Jolpica supplies it and the value is consistent with the winner's time plus the stated gap.","internal","derived: winner_ms + gap == driver_ms"
"results","1128|857","fastestLapTime","","1:16.281","Kaggle leaves this null; Jolpica supplies it and the value is consistent with the winner's time plus the stated gap.","internal","derived: winner_ms + gap == driver_ms"
"results","1128|858","fastestLapTime","","1:15.525","Kaggle leaves this null; Jolpica supplies it and the value is consistent with the winner's time plus the stated gap.","internal","derived: winner_ms + gap == driver_ms"
"results","1121|807","milliseconds","","5522374","Kaggle leaves this null; Jolpica supplies it and the value is consistent with the winner's time plus the stated gap.","internal","derived: winner_ms + gap == driver_ms"
"results","1121|817","milliseconds","","5513700","Kaggle leaves this null; Jolpica supplies it and the value is consistent with the winner's time plus the stated gap.","internal","derived: winner_ms + gap == driver_ms"
"results","1121|822","milliseconds","","5587972","Kaggle leaves this null; Jolpica supplies it and the value is consistent with the winner's time plus the stated gap.","internal","derived: winner_ms + gap == driver_ms"
"results","1121|825","milliseconds","","5513058","Kaggle leaves this null; Jolpica supplies it and the value is consistent with the winner's time plus the stated gap.","internal","derived: winner_ms + gap == driver_ms"
"results","1121|839","milliseconds","","5536192","Kaggle leaves this null; Jolpica supplies it and the value is consistent with the winner's time plus the stated gap.","internal","derived: winner_ms + gap == driver_ms"
"results","1121|842","milliseconds","","5537159","Kaggle leaves this null; Jolpica supplies it and the value is consistent with the winner's time plus the stated gap.","internal","derived: winner_ms + gap == driver_ms"
"results","1121|848","milliseconds","","5516628","Kaggle leaves this null; Jolpica supplies it and the value is consistent with the winner's time plus the stated gap.","internal","derived: winner_ms + gap == driver_ms"
"results","1121|852","milliseconds","","5514224","Kaggle leaves this null; Jolpica supplies it and the value is consistent with the winner's time plus the stated gap.","internal","derived: winner_ms + gap == driver_ms"
"results","1121|855","milliseconds","","5511501","Kaggle leaves this null; Jolpica supplies it and the value is consistent with the winner's time plus the stated gap.","internal","derived: winner_ms + gap == driver_ms"
"results","1121|858","milliseconds","","5525537","Kaggle leaves this null; Jolpica supplies it and the value is consistent with the winner's time plus the stated gap.","internal","derived: winner_ms + gap == driver_ms"
"results","1122|815","milliseconds","4862704","4856916","Consistent with the corrected time string.","official","https://www.formula1.com/en/results/2024/races/1230/saudi-arabia/race-result"
"results","1122|817","milliseconds","","4863988","Kaggle leaves this null; Jolpica supplies it and the value is consistent with the winner's time plus the stated gap.","internal","derived: winner_ms + gap == driver_ms"
"results","1122|822","milliseconds","","4866388","Kaggle leaves this null; Jolpica supplies it and the value is consistent with the winner's time plus the stated gap.","internal","derived: winner_ms + gap == driver_ms"
"results","1122|825","milliseconds","4955646","4949010","Consistent with the corrected time string.","official","https://www.formula1.com/en/results/2024/races/1230/saudi-arabia/race-result"
"results","1122|839","milliseconds","","4847274","Kaggle leaves this null; Jolpica supplies it and the value is consistent with the winner's time plus the stated gap.","internal","derived: winner_ms + gap == driver_ms"
"results","1122|852","milliseconds","","4853806","Kaggle leaves this null; Jolpica supplies it and the value is consistent with the winner's time plus the stated gap.","internal","derived: winner_ms + gap == driver_ms"
"results","1122|855","milliseconds","","4872826","Kaggle leaves this null; Jolpica supplies it and the value is consistent with the winner's time plus the stated gap.","internal","derived: winner_ms + gap == driver_ms"
"results","1122|858","milliseconds","","4850058","Kaggle leaves this null; Jolpica supplies it and the value is consistent with the winner's time plus the stated gap.","internal","derived: winner_ms + gap == driver_ms"
"results","1123|817","milliseconds","","4838351","Kaggle leaves this null; Jolpica supplies it and the value is consistent with the winner's time plus the stated gap.","internal","derived: winner_ms + gap == driver_ms"
"results","1123|822","milliseconds","","4869169","Kaggle leaves this null; Jolpica supplies it and the value is consistent with the winner's time plus the stated gap.","internal","derived: winner_ms + gap == driver_ms"
"results","1123|825","milliseconds","","4830924","Kaggle leaves this null; Jolpica supplies it and the value is consistent with the winner's time plus the stated gap.","internal","derived: winner_ms + gap == driver_ms"
"results","1123|839","milliseconds","","4880822","Kaggle leaves this null; Jolpica supplies it and the value is consistent with the winner's time plus the stated gap.","internal","derived: winner_ms + gap == driver_ms"
"results","1123|842","milliseconds","","4867796","Kaggle leaves this null; Jolpica supplies it and the value is consistent with the winner's time plus the stated gap.","internal","derived: winner_ms + gap == driver_ms"
"results","1123|847","milliseconds","","4684734","Kaggle leaves this null; Jolpica supplies it and the value is consistent with the winner's time plus the stated gap.","internal","derived: winner_ms + gap == driver_ms"
"results","1123|848","milliseconds","","4831852","Kaggle leaves this null; Jolpica supplies it and the value is consistent with the winner's time plus the stated gap.","internal","derived: winner_ms + gap == driver_ms"
"results","1123|855","milliseconds","","4871136","Kaggle leaves this null; Jolpica supplies it and the value is consistent with the winner's time plus the stated gap.","internal","derived: winner_ms + gap == driver_ms"
"results","1124|807","milliseconds","","6870734","Kaggle leaves this null; Jolpica supplies it and the value is consistent with the winner's time plus the stated gap.","internal","derived: winner_ms + gap == driver_ms"
"results","1124|822","milliseconds","","6882459","Kaggle leaves this null; Jolpica supplies it and the value is consistent with the winner's time plus the stated gap.","internal","derived: winner_ms + gap == driver_ms"
"results","1124|825","milliseconds","","6881485","Kaggle leaves this null; Jolpica supplies it and the value is consistent with the winner's time plus the stated gap.","internal","derived: winner_ms + gap == driver_ms"
"results","1124|839","milliseconds","","6904718","Kaggle leaves this null; Jolpica supplies it and the value is consistent with the winner's time plus the stated gap.","internal","derived: winner_ms + gap == driver_ms"
"results","1124|840","milliseconds","","6874799","Kaggle leaves this null; Jolpica supplies it and the value is consistent with the winner's time plus the stated gap.","internal","derived: winner_ms + gap == driver_ms"
"results","1124|842","milliseconds","","6918632","Kaggle leaves this null; Jolpica supplies it and the value is consistent with the winner's time plus the stated gap.","internal","derived: winner_ms + gap == driver_ms"
"results","1124|852","milliseconds","","6865168","Kaggle leaves this null; Jolpica supplies it and the value is consistent with the winner's time plus the stated gap.","internal","derived: winner_ms + gap == driver_ms"
"results","1124|858","milliseconds","","6936331","Kaggle leaves this null; Jolpica supplies it and the value is consistent with the winner's time plus the stated gap.","internal","derived: winner_ms + gap == driver_ms"
"results","1127|4","milliseconds","","5200376","Kaggle leaves this null; Jolpica supplies it and the value is consistent with the winner's time plus the stated gap.","internal","derived: winner_ms + gap == driver_ms"
"results","1127|807","milliseconds","","5150529","Kaggle leaves this null; Jolpica supplies it and the value is consistent with the winner's time plus the stated gap.","internal","derived: winner_ms + gap == driver_ms"
"results","1127|817","milliseconds","","5152913","Kaggle leaves this null; Jolpica supplies it and the value is consistent with the winner's time plus the stated gap.","internal","derived: winner_ms + gap == driver_ms"
"results","1127|822","milliseconds","","5181595","Kaggle leaves this null; Jolpica supplies it and the value is consistent with the winner's time plus the stated gap.","internal","derived: winner_ms + gap == driver_ms"
"results","1127|825","milliseconds","","5151686","Kaggle leaves this null; Jolpica supplies it and the value is consistent with the winner's time plus the stated gap.","internal","derived: winner_ms + gap == driver_ms"
"results","1127|839","milliseconds","","5169159","Kaggle leaves this null; Jolpica supplies it and the value is consistent with the winner's time plus the stated gap.","internal","derived: winner_ms + gap == driver_ms"
"results","1127|842","milliseconds","","5174967","Kaggle leaves this null; Jolpica supplies it and the value is consistent with the winner's time plus the stated gap.","internal","derived: winner_ms + gap == driver_ms"
"results","1127|852","milliseconds","","5143108","Kaggle leaves this null; Jolpica supplies it and the value is consistent with the winner's time plus the stated gap.","internal","derived: winner_ms + gap == driver_ms"
"results","1127|855","milliseconds","","5170185","Kaggle leaves this null; Jolpica supplies it and the value is consistent with the winner's time plus the stated gap.","internal","derived: winner_ms + gap == driver_ms"
"results","1127|858","milliseconds","","5176303","Kaggle leaves this null; Jolpica supplies it and the value is consistent with the winner's time plus the stated gap.","internal","derived: winner_ms + gap == driver_ms"
"results","1128|4","milliseconds","","8599408","Kaggle leaves this null; Jolpica supplies it and the value is consistent with the winner's time plus the stated gap.","internal","derived: winner_ms + gap == driver_ms"
"results","1128|817","milliseconds","","8599818","Kaggle leaves this null; Jolpica supplies it and the value is consistent with the winner's time plus the stated gap.","internal","derived: winner_ms + gap == driver_ms"
"results","1128|822","milliseconds","","8600042","Kaggle leaves this null; Jolpica supplies it and the value is consistent with the winner's time plus the stated gap.","internal","derived: winner_ms + gap == driver_ms"
"results","1128|840","milliseconds","","8601521","Kaggle leaves this null; Jolpica supplies it and the value is consistent with the winner's time plus the stated gap.","internal","derived: winner_ms + gap == driver_ms"
"results","1128|842","milliseconds","","8655795","Kaggle leaves this null; Jolpica supplies it and the value is consistent with the winner's time plus the stated gap.","internal","derived: winner_ms + gap == driver_ms"
"results","1128|848","milliseconds","","8649606","Kaggle leaves this null; Jolpica supplies it and the value is consistent with the winner's time plus the stated gap.","internal","derived: winner_ms + gap == driver_ms"
"results","1128|852","milliseconds","","8635041","Kaggle leaves this null; Jolpica supplies it and the value is consistent with the winner's time plus the stated gap.","internal","derived: winner_ms + gap == driver_ms"
"results","1128|855","milliseconds","","8650814","Kaggle leaves this null; Jolpica supplies it and the value is consistent with the winner's time plus the stated gap.","internal","derived: winner_ms + gap == driver_ms"
"results","1128|858","milliseconds","","8604580","Kaggle leaves this null; Jolpica supplies it and the value is consistent with the winner's time plus the stated gap.","internal","derived: winner_ms + gap == driver_ms"
"results","1129|855","milliseconds","","6401455","Kaggle leaves this null; Jolpica supplies it and the value is consistent with the winner's time plus the stated gap.","internal","derived: winner_ms + gap == driver_ms"
"results","1130|4","milliseconds","","5309724","Kaggle leaves this null; Jolpica supplies it and the value is consistent with the winner's time plus the stated gap.","internal","derived: winner_ms + gap == driver_ms"
"results","1130|817","milliseconds","","5344277","Kaggle leaves this null; Jolpica supplies it and the value is consistent with the winner's time plus the stated gap.","internal","derived: winner_ms + gap == driver_ms"
"results","1130|822","milliseconds","","5353540","Kaggle leaves this null; Jolpica supplies it and the value is consistent with the winner's time plus the stated gap.","internal","derived: winner_ms + gap == driver_ms"
"results","1130|825","milliseconds","","5355015","Kaggle leaves this null; Jolpica supplies it and the value is consistent with the winner's time plus the stated gap.","internal","derived: winner_ms + gap == driver_ms"
"results","1130|840","milliseconds","","5325479","Kaggle leaves this null; Jolpica supplies it and the value is consistent with the winner's time plus the stated gap.","internal","derived: winner_ms + gap == driver_ms"
"results","1130|848","milliseconds","","5358376","Kaggle leaves this null; Jolpica supplies it and the value is consistent with the winner's time plus the stated gap.","internal","derived: winner_ms + gap == driver_ms"
"results","1130|852","milliseconds","","5369131","Kaggle leaves this null; Jolpica supplies it and the value is consistent with the winner's time plus the stated gap.","internal","derived: winner_ms + gap == driver_ms"
"results","1130|855","milliseconds","","5315703","Kaggle leaves this null; Jolpica supplies it and the value is consistent with the winner's time plus the stated gap.","internal","derived: winner_ms + gap == driver_ms"
"results","1130|858","milliseconds","","5305093","Kaggle leaves this null; Jolpica supplies it and the value is consistent with the winner's time plus the stated gap.","internal","derived: winner_ms + gap == driver_ms"
"results","1131|4","milliseconds","","5110458","Kaggle leaves this null; Jolpica supplies it and the value is consistent with the winner's time plus the stated gap.","internal","derived: winner_ms + gap == driver_ms"
"results","1131|822","milliseconds","","5082173","Kaggle leaves this null; Jolpica supplies it and the value is consistent with the winner's time plus the stated gap.","internal","derived: winner_ms + gap == driver_ms"
"results","1131|840","milliseconds","","5073032","Kaggle leaves this null; Jolpica supplies it and the value is consistent with the winner's time plus the stated gap.","internal","derived: winner_ms + gap == driver_ms"
"results","1131|846","milliseconds","","4596054","Kaggle leaves this null; Jolpica supplies it and the value is consistent with the winner's time plus the stated gap.","internal","derived: winner_ms + gap == driver_ms"
"results","1131|848","milliseconds","","5078664","Kaggle leaves this null; Jolpica supplies it and the value is consistent with the winner's time plus the stated gap.","internal","derived: winner_ms + gap == driver_ms"
"results","1131|852","milliseconds","","5075943","Kaggle leaves this null; Jolpica supplies it and the value is consistent with the winner's time plus the stated gap.","internal","derived: winner_ms + gap == driver_ms"
"results","1131|855","milliseconds","","5107680","Kaggle leaves this null; Jolpica supplies it and the value is consistent with the winner's time plus the stated gap.","internal","derived: winner_ms + gap == driver_ms"
"results","1131|858","milliseconds","","5069107","Kaggle leaves this null; Jolpica supplies it and the value is consistent with the winner's time plus the stated gap.","internal","derived: winner_ms + gap == driver_ms"
"results","1132|815","milliseconds","","4965064","Kaggle leaves this null; Jolpica supplies it and the value is consistent with the winner's time plus the stated gap.","internal","derived: winner_ms + gap == driver_ms"
"results","1132|817","milliseconds","","4956996","Kaggle leaves this null; Jolpica supplies it and the value is consistent with the winner's time plus the stated gap.","internal","derived: winner_ms + gap == driver_ms"
"results","1132|822","milliseconds","","4988880","Kaggle leaves this null; Jolpica supplies it and the value is consistent with the winner's time plus the stated gap.","internal","derived: winner_ms + gap == driver_ms"
"results","1132|839","milliseconds","","4957741","Kaggle leaves this null; Jolpica supplies it and the value is consistent with the winner's time plus the stated gap.","internal","derived: winner_ms + gap == driver_ms"
"results","1132|844","milliseconds","","4987532","Kaggle leaves this null; Jolpica supplies it and the value is consistent with the winner's time plus the stated gap.","internal","derived: winner_ms + gap == driver_ms"
"results","1132|855","milliseconds","","5001535","Kaggle leaves this null; Jolpica supplies it and the value is consistent with the winner's time plus the stated gap.","internal","derived: winner_ms + gap == driver_ms"
"results","1133|807","milliseconds","","5915173","Kaggle leaves this null; Jolpica supplies it and the value is consistent with the winner's time plus the stated gap.","internal","derived: winner_ms + gap == driver_ms"
"results","1133|817","milliseconds","","5899913","Kaggle leaves this null; Jolpica supplies it and the value is consistent with the winner's time plus the stated gap.","internal","derived: winner_ms + gap == driver_ms"
"results","1133|822","milliseconds","","5927398","Kaggle leaves this null; Jolpica supplies it and the value is consistent with the winner's time plus the stated gap.","internal","derived: winner_ms + gap == driver_ms"
"results","1133|825","milliseconds","","5927291","Kaggle leaves this null; Jolpica supplies it and the value is consistent with the winner's time plus the stated gap.","internal","derived: winner_ms + gap == driver_ms"
"results","1133|839","milliseconds","","5942918","Kaggle leaves this null; Jolpica supplies it and the value is consistent with the winner's time plus the stated gap.","internal","derived: winner_ms + gap == driver_ms"
"results","1133|848","milliseconds","","5918758","Kaggle leaves this null; Jolpica supplies it and the value is consistent with the winner's time plus the stated gap.","internal","derived: winner_ms + gap == driver_ms"
"results","1133|855","milliseconds","","5945587","Kaggle leaves this null; Jolpica supplies it and the value is consistent with the winner's time plus the stated gap.","internal","derived: winner_ms + gap == driver_ms"
"results","1133|858","milliseconds","","5934580","Kaggle leaves this null; Jolpica supplies it and the value is consistent with the winner's time plus the stated gap.","internal","derived: winner_ms + gap == driver_ms"
"results","1134|1","milliseconds","526","4797566","Russell won on track then was disqualified; Kaggle kept gaps relative to him, leaving the classified winner with time=+0.526. Official: Hamilton 1:19:57.566, Piastri +0.647, Leclerc +8.023.","official","https://www.formula1.com/en/results/2024/races/1242/belgium/race-result"
"results","1134|4","milliseconds","50489","4847003","Russell won on track then was disqualified; Kaggle kept gaps relative to him, leaving the classified winner with time=+0.526. Official: Hamilton 1:19:57.566, Piastri +0.647, Leclerc +8.023.","official","https://www.formula1.com/en/results/2024/races/1242/belgium/race-result"
"results","1134|807","milliseconds","89359","4885873","Russell won on track then was disqualified; Kaggle kept gaps relative to him, leaving the classified winner with time=+0.526. Official: Hamilton 1:19:57.566, Piastri +0.647, Leclerc +8.023.","official","https://www.formula1.com/en/results/2024/races/1242/belgium/race-result"
"results","1134|815","milliseconds","43721","4840235","Russell won on track then was disqualified; Kaggle kept gaps relative to him, leaving the classified winner with time=+0.526. Official: Hamilton 1:19:57.566, Piastri +0.647, Leclerc +8.023.","official","https://www.formula1.com/en/results/2024/races/1242/belgium/race-result"
"results","1134|817","milliseconds","55452","4851966","Russell won on track then was disqualified; Kaggle kept gaps relative to him, leaving the classified winner with time=+0.526. Official: Hamilton 1:19:57.566, Piastri +0.647, Leclerc +8.023.","official","https://www.formula1.com/en/results/2024/races/1242/belgium/race-result"
"results","1134|822","milliseconds","71164","4867678","Russell won on track then was disqualified; Kaggle kept gaps relative to him, leaving the classified winner with time=+0.526. Official: Hamilton 1:19:57.566, Piastri +0.647, Leclerc +8.023.","official","https://www.formula1.com/en/results/2024/races/1242/belgium/race-result"
"results","1134|825","milliseconds","67157","4863671","Russell won on track then was disqualified; Kaggle kept gaps relative to him, leaving the classified winner with time=+0.526. Official: Hamilton 1:19:57.566, Piastri +0.647, Leclerc +8.023.","official","https://www.formula1.com/en/results/2024/races/1242/belgium/race-result"
"results","1134|830","milliseconds","9752","4806266","Russell won on track then was disqualified; Kaggle kept gaps relative to him, leaving the classified winner with time=+0.526. Official: Hamilton 1:19:57.566, Piastri +0.647, Leclerc +8.023.","official","https://www.formula1.com/en/results/2024/races/1242/belgium/race-result"
"results","1134|832","milliseconds","20321","4816835","Russell won on track then was disqualified; Kaggle kept gaps relative to him, leaving the classified winner with time=+0.526. Official: Hamilton 1:19:57.566, Piastri +0.647, Leclerc +8.023.","official","https://www.formula1.com/en/results/2024/races/1242/belgium/race-result"
"results","1134|839","milliseconds","53078","4849592","Russell won on track then was disqualified; Kaggle kept gaps relative to him, leaving the classified winner with time=+0.526. Official: Hamilton 1:19:57.566, Piastri +0.647, Leclerc +8.023.","official","https://www.formula1.com/en/results/2024/races/1242/belgium/race-result"
"results","1134|840","milliseconds","63537","4860051","Russell won on track then was disqualified; Kaggle kept gaps relative to him, leaving the classified winner with time=+0.526. Official: Hamilton 1:19:57.566, Piastri +0.647, Leclerc +8.023.","official","https://www.formula1.com/en/results/2024/races/1242/belgium/race-result"
"results","1134|842","milliseconds","64891","4861405","Russell won on track then was disqualified; Kaggle kept gaps relative to him, leaving the classified winner with time=+0.526. Official: Hamilton 1:19:57.566, Piastri +0.647, Leclerc +8.023.","official","https://www.formula1.com/en/results/2024/races/1242/belgium/race-result"
"results","1134|844","milliseconds","9075","4805589","Russell won on track then was disqualified; Kaggle kept gaps relative to him, leaving the classified winner with time=+0.526. Official: Hamilton 1:19:57.566, Piastri +0.647, Leclerc +8.023.","official","https://www.formula1.com/en/results/2024/races/1242/belgium/race-result"
"results","1134|846","milliseconds","10376","4806890","Russell won on track then was disqualified; Kaggle kept gaps relative to him, leaving the classified winner with time=+0.526. Official: Hamilton 1:19:57.566, Piastri +0.647, Leclerc +8.023.","official","https://www.formula1.com/en/results/2024/races/1242/belgium/race-result"
"results","1134|847","milliseconds","4797566","4797040","Russell won on track then was disqualified; Kaggle kept gaps relative to him, leaving the classified winner with time=+0.526. Official: Hamilton 1:19:57.566, Piastri +0.647, Leclerc +8.023.","official","https://www.formula1.com/en/results/2024/races/1242/belgium/race-result"
"results","1134|848","milliseconds","64177","4860691","Russell won on track then was disqualified; Kaggle kept gaps relative to him, leaving the classified winner with time=+0.526. Official: Hamilton 1:19:57.566, Piastri +0.647, Leclerc +8.023.","official","https://www.formula1.com/en/results/2024/races/1242/belgium/race-result"
"results","1134|852","milliseconds","77263","4873777","Russell won on track then was disqualified; Kaggle kept gaps relative to him, leaving the classified winner with time=+0.526. Official: Hamilton 1:19:57.566, Piastri +0.647, Leclerc +8.023.","official","https://www.formula1.com/en/results/2024/races/1242/belgium/race-result"
"results","1134|857","milliseconds","1699","4798213","Russell won on track then was disqualified; Kaggle kept gaps relative to him, leaving the classified winner with time=+0.526. Official: Hamilton 1:19:57.566, Piastri +0.647, Leclerc +8.023.","official","https://www.formula1.com/en/results/2024/races/1242/belgium/race-result"
"results","1134|858","milliseconds","86583","4883097","Russell won on track then was disqualified; Kaggle kept gaps relative to him, leaving the classified winner with time=+0.526. Official: Hamilton 1:19:57.566, Piastri +0.647, Leclerc +8.023.","official","https://www.formula1.com/en/results/2024/races/1242/belgium/race-result"
"results","1135|4","milliseconds","","5459052","Kaggle leaves this null; Jolpica supplies it and the value is consistent with the winner's time plus the stated gap.","internal","derived: winner_ms + gap == driver_ms"
"results","1135|807","milliseconds","","5464733","Kaggle leaves this null; Jolpica supplies it and the value is consistent with the winner's time plus the stated gap.","internal","derived: winner_ms + gap == driver_ms"
"results","1135|817","milliseconds","","5466586","Kaggle leaves this null; Jolpica supplies it and the value is consistent with the winner's time plus the stated gap.","internal","derived: winner_ms + gap == driver_ms"
"results","1135|822","milliseconds","","5448767","Kaggle leaves this null; Jolpica supplies it and the value is consistent with the winner's time plus the stated gap.","internal","derived: winner_ms + gap == driver_ms"
"results","1135|825","milliseconds","","5511226","Kaggle leaves this null; Jolpica supplies it and the value is consistent with the winner's time plus the stated gap.","internal","derived: winner_ms + gap == driver_ms"
"results","1135|839","milliseconds","","5492397","Kaggle leaves this null; Jolpica supplies it and the value is consistent with the winner's time plus the stated gap.","internal","derived: winner_ms + gap == driver_ms"
"results","1135|840","milliseconds","","5471231","Kaggle leaves this null; Jolpica supplies it and the value is consistent with the winner's time plus the stated gap.","internal","derived: winner_ms + gap == driver_ms"
"results","1135|842","milliseconds","","5454123","Kaggle leaves this null; Jolpica supplies it and the value is consistent with the winner's time plus the stated gap.","internal","derived: winner_ms + gap == driver_ms"
"results","1135|848","milliseconds","","5486230","Kaggle leaves this null; Jolpica supplies it and the value is consistent with the winner's time plus the stated gap.","internal","derived: winner_ms + gap == driver_ms"
"results","1135|852","milliseconds","","5510665","Kaggle leaves this null; Jolpica supplies it and the value is consistent with the winner's time plus the stated gap.","internal","derived: winner_ms + gap == driver_ms"
"results","1135|855","milliseconds","","5481538","Kaggle leaves this null; Jolpica supplies it and the value is consistent with the winner's time plus the stated gap.","internal","derived: winner_ms + gap == driver_ms"
"results","1135|858","milliseconds","","5510058","Kaggle leaves this null; Jolpica supplies it and the value is consistent with the winner's time plus the stated gap.","internal","derived: winner_ms + gap == driver_ms"
"results","1136|807","milliseconds","","4511597","Kaggle leaves this null; Jolpica supplies it and the value is consistent with the winner's time plus the stated gap.","internal","derived: winner_ms + gap == driver_ms"
"results","1136|822","milliseconds","","4507938","Kaggle leaves this null; Jolpica supplies it and the value is consistent with the winner's time plus the stated gap.","internal","derived: winner_ms + gap == driver_ms"
"results","1136|839","milliseconds","","4493386","Kaggle leaves this null; Jolpica supplies it and the value is consistent with the winner's time plus the stated gap.","internal","derived: winner_ms + gap == driver_ms"
"results","1136|840","milliseconds","","4524235","Kaggle leaves this null; Jolpica supplies it and the value is consistent with the winner's time plus the stated gap.","internal","derived: winner_ms + gap == driver_ms"
"results","1136|842","milliseconds","","4499071","Kaggle leaves this null; Jolpica supplies it and the value is consistent with the winner's time plus the stated gap.","internal","derived: winner_ms + gap == driver_ms"
"results","1136|855","milliseconds","","4520782","Kaggle leaves this null; Jolpica supplies it and the value is consistent with the winner's time plus the stated gap.","internal","derived: winner_ms + gap == driver_ms"
"results","1137|815","milliseconds","","5321198","Kaggle leaves this null; Jolpica supplies it and the value is consistent with the winner's time plus the stated gap.","internal","derived: winner_ms + gap == driver_ms"
"results","1137|822","milliseconds","","5603402","Kaggle leaves this null; Jolpica supplies it and the value is consistent with the winner's time plus the stated gap.","internal","derived: winner_ms + gap == driver_ms"
"results","1137|832","milliseconds","","5321768","Kaggle leaves this null; Jolpica supplies it and the value is consistent with the winner's time plus the stated gap.","internal","derived: winner_ms + gap == driver_ms"
"results","1137|839","milliseconds","","5599351","Kaggle leaves this null; Jolpica supplies it and the value is consistent with the winner's time plus the stated gap.","internal","derived: winner_ms + gap == driver_ms"
"results","1137|840","milliseconds","","5001080","Kaggle leaves this null; Jolpica supplies it and the value is consistent with the winner's time plus the stated gap.","internal","derived: winner_ms + gap == driver_ms"
"results","1138|4","milliseconds","","6053444","Kaggle leaves this null; Jolpica supplies it and the value is consistent with the winner's time plus the stated gap.","internal","derived: winner_ms + gap == driver_ms"
"results","1138|807","milliseconds","","6055711","Kaggle leaves this null; Jolpica supplies it and the value is consistent with the winner's time plus the stated gap.","internal","derived: winner_ms + gap == driver_ms"
"results","1138|815","milliseconds","","6057195","Kaggle leaves this null; Jolpica supplies it and the value is consistent with the winner's time plus the stated gap.","internal","derived: winner_ms + gap == driver_ms"
"results","1138|817","milliseconds","","6142367","Kaggle leaves this null; Jolpica supplies it and the value is consistent with the winner's time plus the stated gap.","internal","derived: winner_ms + gap == driver_ms"
"results","1138|822","milliseconds","","6110400","Kaggle leaves this null; Jolpica supplies it and the value is consistent with the winner's time plus the stated gap.","internal","derived: winner_ms + gap == driver_ms"
"results","1138|825","milliseconds","","5811906","Kaggle leaves this null; Jolpica supplies it and the value is consistent with the winner's time plus the stated gap.","internal","derived: winner_ms + gap == driver_ms"
"results","1138|839","milliseconds","","6096576","Kaggle leaves this null; Jolpica supplies it and the value is consistent with the winner's time plus the stated gap.","internal","derived: winner_ms + gap == driver_ms"
"results","1138|840","milliseconds","","6100142","Kaggle leaves this null; Jolpica supplies it and the value is consistent with the winner's time plus the stated gap.","internal","derived: winner_ms + gap == driver_ms"
"results","1138|842","milliseconds","","6111630","Kaggle leaves this null; Jolpica supplies it and the value is consistent with the winner's time plus the stated gap.","internal","derived: winner_ms + gap == driver_ms"
"results","1138|852","milliseconds","","6061363","Kaggle leaves this null; Jolpica supplies it and the value is consistent with the winner's time plus the stated gap.","internal","derived: winner_ms + gap == driver_ms"
"results","1138|855","milliseconds","","6109791","Kaggle leaves this null; Jolpica supplies it and the value is consistent with the winner's time plus the stated gap.","internal","derived: winner_ms + gap == driver_ms"
"results","1138|861","milliseconds","","6058855","Kaggle leaves this null; Jolpica supplies it and the value is consistent with the winner's time plus the stated gap.","internal","derived: winner_ms + gap == driver_ms"
"results","1139|4","milliseconds","","5711365","Kaggle leaves this null; Jolpica supplies it and the value is consistent with the winner's time plus the stated gap.","internal","derived: winner_ms + gap == driver_ms"
"results","1139|822","milliseconds","","5743972","Kaggle leaves this null; Jolpica supplies it and the value is consistent with the winner's time plus the stated gap.","internal","derived: winner_ms + gap == driver_ms"
"results","1139|839","milliseconds","","5751751","Kaggle leaves this null; Jolpica supplies it and the value is consistent with the winner's time plus the stated gap.","internal","derived: winner_ms + gap == driver_ms"
"results","1139|840","milliseconds","","5726622","Kaggle leaves this null; Jolpica supplies it and the value is consistent with the winner's time plus the stated gap.","internal","derived: winner_ms + gap == driver_ms"
"results","1139|848","milliseconds","","5727731","Kaggle leaves this null; Jolpica supplies it and the value is consistent with the winner's time plus the stated gap.","internal","derived: winner_ms + gap == driver_ms"
"results","1139|852","milliseconds","","5717851","Kaggle leaves this null; Jolpica supplies it and the value is consistent with the winner's time plus the stated gap.","internal","derived: winner_ms + gap == driver_ms"
"results","1139|855","milliseconds","","5758879","Kaggle leaves this null; Jolpica supplies it and the value is consistent with the winner's time plus the stated gap.","internal","derived: winner_ms + gap == driver_ms"
"results","1140|807","milliseconds","","6058520","Kaggle leaves this null; Jolpica supplies it and the value is consistent with the winner's time plus the stated gap.","internal","derived: winner_ms + gap == driver_ms"
"results","1140|815","milliseconds","","6129084","Kaggle leaves this null; Jolpica supplies it and the value is consistent with the winner's time plus the stated gap.","internal","derived: winner_ms + gap == driver_ms"
"results","1140|822","milliseconds","","6098027","Kaggle leaves this null; Jolpica supplies it and the value is consistent with the winner's time plus the stated gap.","internal","derived: winner_ms + gap == driver_ms"
"results","1140|839","milliseconds","","6095463","Kaggle leaves this null; Jolpica supplies it and the value is consistent with the winner's time plus the stated gap.","internal","derived: winner_ms + gap == driver_ms"
"results","1140|840","milliseconds","","6080872","Kaggle leaves this null; Jolpica supplies it and the value is consistent with the winner's time plus the stated gap.","internal","derived: winner_ms + gap == driver_ms"
"results","1140|842","milliseconds","","6074387","Kaggle leaves this null; Jolpica supplies it and the value is consistent with the winner's time plus the stated gap.","internal","derived: winner_ms + gap == driver_ms"
"results","1140|855","milliseconds","","6117522","Kaggle leaves this null; Jolpica supplies it and the value is consistent with the winner's time plus the stated gap.","internal","derived: winner_ms + gap == driver_ms"
"results","1140|859","milliseconds","","6120266","Kaggle leaves this null; Jolpica supplies it and the value is consistent with the winner's time plus the stated gap.","internal","derived: winner_ms + gap == driver_ms"
"results","1140|861","milliseconds","","6093297","Kaggle leaves this null; Jolpica supplies it and the value is consistent with the winner's time plus the stated gap.","internal","derived: winner_ms + gap == driver_ms"
"results","1142|822","milliseconds","","4937254","Kaggle leaves this null; Jolpica supplies it and the value is consistent with the winner's time plus the stated gap.","internal","derived: winner_ms + gap == driver_ms"
"results","1142|839","milliseconds","","4928029","Kaggle leaves this null; Jolpica supplies it and the value is consistent with the winner's time plus the stated gap.","internal","derived: winner_ms + gap == driver_ms"
"results","1143|848","milliseconds","","5478292","Kaggle leaves this null; Jolpica supplies it and the value is consistent with the winner's time plus the stated gap.","internal","derived: winner_ms + gap == driver_ms"
"results","1144|825","milliseconds","","5270888","Kaggle leaves this null; Jolpica supplies it and the value is consistent with the winner's time plus the stated gap.","internal","derived: winner_ms + gap == driver_ms"
"results","1144|840","milliseconds","","5211764","Kaggle leaves this null; Jolpica supplies it and the value is consistent with the winner's time plus the stated gap.","internal","derived: winner_ms + gap == driver_ms"
"results","1144|848","milliseconds","","5204542","Kaggle leaves this null; Jolpica supplies it and the value is consistent with the winner's time plus the stated gap.","internal","derived: winner_ms + gap == driver_ms"
"results","1144|852","milliseconds","","5208029","Kaggle leaves this null; Jolpica supplies it and the value is consistent with the winner's time plus the stated gap.","internal","derived: winner_ms + gap == driver_ms"
"results","1144|855","milliseconds","","5210595","Kaggle leaves this null; Jolpica supplies it and the value is consistent with the winner's time plus the stated gap.","internal","derived: winner_ms + gap == driver_ms"
"results","1144|859","milliseconds","","5076949","Kaggle leaves this null; Jolpica supplies it and the value is consistent with the winner's time plus the stated gap.","internal","derived: winner_ms + gap == driver_ms"
"results","1144|862","milliseconds","","5219846","Kaggle leaves this null; Jolpica supplies it and the value is consistent with the winner's time plus the stated gap.","internal","derived: winner_ms + gap == driver_ms"
"results","1122|852","rank","15","18","Sargeant's and Tsunoda's fastest laps are swapped in Kaggle. Official: Sargeant lap 49 / 1:33.026 / rank 15, Tsunoda lap 44 / 1:33.523 / rank 18.","official","https://www.formula1.com/en/results/2024/races/1230/saudi-arabia/fastest-laps"
"results","1122|858","rank","18","15","Sargeant's and Tsunoda's fastest laps are swapped in Kaggle. Official: Sargeant lap 49 / 1:33.026 / rank 15, Tsunoda lap 44 / 1:33.523 / rank 18.","official","https://www.formula1.com/en/results/2024/races/1230/saudi-arabia/fastest-laps"
"results","1128|1","rank","0","1","Kaggle has rank=0 for every driver in this race. Official fastest-lap ranking matches Jolpica (Sainz 5, Leclerc 6, Norris 10, Piastri 11).","official","https://www.formula1.com/en/results/2024/races/1236/monaco/fastest-laps"
"results","1128|4","rank","0","16","Kaggle has rank=0 for every driver in this race. Official fastest-lap ranking matches Jolpica (Sainz 5, Leclerc 6, Norris 10, Piastri 11).","official","https://www.formula1.com/en/results/2024/races/1236/monaco/fastest-laps"
"results","1128|817","rank","0","15","Kaggle has rank=0 for every driver in this race. Official fastest-lap ranking matches Jolpica (Sainz 5, Leclerc 6, Norris 10, Piastri 11).","official","https://www.formula1.com/en/results/2024/races/1236/monaco/fastest-laps"
"results","1128|822","rank","0","12","Kaggle has rank=0 for every driver in this race. Official fastest-lap ranking matches Jolpica (Sainz 5, Leclerc 6, Norris 10, Piastri 11).","official","https://www.formula1.com/en/results/2024/races/1236/monaco/fastest-laps"
"results","1128|830","rank","0","2","Kaggle has rank=0 for every driver in this race. Official fastest-lap ranking matches Jolpica (Sainz 5, Leclerc 6, Norris 10, Piastri 11).","official","https://www.formula1.com/en/results/2024/races/1236/monaco/fastest-laps"
"results","1128|832","rank","0","5","Kaggle has rank=0 for every driver in this race. Official fastest-lap ranking matches Jolpica (Sainz 5, Leclerc 6, Norris 10, Piastri 11).","official","https://www.formula1.com/en/results/2024/races/1236/monaco/fastest-laps"
"results","1128|840","rank","0","13","Kaggle has rank=0 for every driver in this race. Official fastest-lap ranking matches Jolpica (Sainz 5, Leclerc 6, Norris 10, Piastri 11).","official","https://www.formula1.com/en/results/2024/races/1236/monaco/fastest-laps"
"results","1128|842","rank","0","9","Kaggle has rank=0 for every driver in this race. Official fastest-lap ranking matches Jolpica (Sainz 5, Leclerc 6, Norris 10, Piastri 11).","official","https://www.formula1.com/en/results/2024/races/1236/monaco/fastest-laps"
"results","1128|844","rank","0","6","Kaggle has rank=0 for every driver in this race. Official fastest-lap ranking matches Jolpica (Sainz 5, Leclerc 6, Norris 10, Piastri 11).","official","https://www.formula1.com/en/results/2024/races/1236/monaco/fastest-laps"
"results","1128|846","rank","0","10","Kaggle has rank=0 for every driver in this race. Official fastest-lap ranking matches Jolpica (Sainz 5, Leclerc 6, Norris 10, Piastri 11).","official","https://www.formula1.com/en/results/2024/races/1236/monaco/fastest-laps"
"results","1128|847","rank","0","7","Kaggle has rank=0 for every driver in this race. Official fastest-lap ranking matches Jolpica (Sainz 5, Leclerc 6, Norris 10, Piastri 11).","official","https://www.formula1.com/en/results/2024/races/1236/monaco/fastest-laps"
"results","1128|848","rank","0","14","Kaggle has rank=0 for every driver in this race. Official fastest-lap ranking matches Jolpica (Sainz 5, Leclerc 6, Norris 10, Piastri 11).","official","https://www.formula1.com/en/results/2024/races/1236/monaco/fastest-laps"
"results","1128|852","rank","0","4","Kaggle has rank=0 for every driver in this race. Official fastest-lap ranking matches Jolpica (Sainz 5, Leclerc 6, Norris 10, Piastri 11).","official","https://www.formula1.com/en/results/2024/races/1236/monaco/fastest-laps"
"results","1128|855","rank","0","3","Kaggle has rank=0 for every driver in this race. Official fastest-lap ranking matches Jolpica (Sainz 5, Leclerc 6, Norris 10, Piastri 11).","official","https://www.formula1.com/en/results/2024/races/1236/monaco/fastest-laps"
"results","1128|857","rank","0","11","Kaggle has rank=0 for every driver in this race. Official fastest-lap ranking matches Jolpica (Sainz 5, Leclerc 6, Norris 10, Piastri 11).","official","https://www.formula1.com/en/results/2024/races/1236/monaco/fastest-laps"
"results","1128|858","rank","0","8","Kaggle has rank=0 for every driver in this race. Official fastest-lap ranking matches Jolpica (Sainz 5, Leclerc 6, Norris 10, Piastri 11).","official","https://www.formula1.com/en/results/2024/races/1236/monaco/fastest-laps"
"results","1121|807","time","","+17.632","Kaggle leaves this null; Jolpica supplies it and the value is consistent with the winner's time plus the stated gap.","internal","derived: winner_ms + gap == driver_ms"
"results","1121|817","time","","+8.958","Kaggle leaves this null; Jolpica supplies it and the value is consistent with the winner's time plus the stated gap.","internal","derived: winner_ms + gap == driver_ms"
"results","1121|822","time","","+1:23.230","Kaggle leaves this null; Jolpica supplies it and the value is consistent with the winner's time plus the stated gap.","internal","derived: winner_ms + gap == driver_ms"
"results","1121|825","time","","+8.316","Kaggle leaves this null; Jolpica supplies it and the value is consistent with the winner's time plus the stated gap.","internal","derived: winner_ms + gap == driver_ms"
"results","1121|839","time","","+31.450","Kaggle leaves this null; Jolpica supplies it and the value is consistent with the winner's time plus the stated gap.","internal","derived: winner_ms + gap == driver_ms"
"results","1121|842","time","","+32.417","Kaggle leaves this null; Jolpica supplies it and the value is consistent with the winner's time plus the stated gap.","internal","derived: winner_ms + gap == driver_ms"
"results","1121|848","time","","+11.886","Kaggle leaves this null; Jolpica supplies it and the value is consistent with the winner's time plus the stated gap.","internal","derived: winner_ms + gap == driver_ms"
"results","1121|852","time","","+9.482","Kaggle leaves this null; Jolpica supplies it and the value is consistent with the winner's time plus the stated gap.","internal","derived: winner_ms + gap == driver_ms"
"results","1121|855","time","","+6.759","Kaggle leaves this null; Jolpica supplies it and the value is consistent with the winner's time plus the stated gap.","internal","derived: winner_ms + gap == driver_ms"
"results","1121|858","time","","+20.795","Kaggle leaves this null; Jolpica supplies it and the value is consistent with the winner's time plus the stated gap.","internal","derived: winner_ms + gap == driver_ms"
"results","1122|815","time","+13.6431","+13.643","Kaggle time string has 4 decimal places (F1 times carry 3) and its milliseconds disagrees with winner-time + gap by ~5.8s.","official","https://www.formula1.com/en/results/2024/races/1230/saudi-arabia/race-result"
"results","1122|817","time","","+20.715","Kaggle leaves this null; Jolpica supplies it and the value is consistent with the winner's time plus the stated gap.","internal","derived: winner_ms + gap == driver_ms"
"results","1122|822","time","","+23.115","Kaggle leaves this null; Jolpica supplies it and the value is consistent with the winner's time plus the stated gap.","internal","derived: winner_ms + gap == driver_ms"
"results","1122|825","time","+1:45.7373","+1:45.737","Kaggle time string has 4 decimal places (F1 times carry 3) and its milliseconds disagrees with winner-time + gap by ~5.8s.","official","https://www.formula1.com/en/results/2024/races/1230/saudi-arabia/race-result"
"results","1122|839","time","","+4.001","Kaggle leaves this null; Jolpica supplies it and the value is consistent with the winner's time plus the stated gap.","internal","derived: winner_ms + gap == driver_ms"
"results","1122|852","time","","+10.533","Kaggle leaves this null; Jolpica supplies it and the value is consistent with the winner's time plus the stated gap.","internal","derived: winner_ms + gap == driver_ms"
"results","1122|855","time","","+29.553","Kaggle leaves this null; Jolpica supplies it and the value is consistent with the winner's time plus the stated gap.","internal","derived: winner_ms + gap == driver_ms"
"results","1122|858","time","","+6.785","Kaggle leaves this null; Jolpica supplies it and the value is consistent with the winner's time plus the stated gap.","internal","derived: winner_ms + gap == driver_ms"
"results","1123|817","time","","+11.508","Kaggle leaves this null; Jolpica supplies it and the value is consistent with the winner's time plus the stated gap.","internal","derived: winner_ms + gap == driver_ms"
"results","1123|822","time","","+42.326","Kaggle leaves this null; Jolpica supplies it and the value is consistent with the winner's time plus the stated gap.","internal","derived: winner_ms + gap == driver_ms"
"results","1123|825","time","","+4.081","Kaggle leaves this null; Jolpica supplies it and the value is consistent with the winner's time plus the stated gap.","internal","derived: winner_ms + gap == driver_ms"
"results","1123|839","time","","+53.979","Kaggle leaves this null; Jolpica supplies it and the value is consistent with the winner's time plus the stated gap.","internal","derived: winner_ms + gap == driver_ms"
"results","1123|842","time","","+40.953","Kaggle leaves this null; Jolpica supplies it and the value is consistent with the winner's time plus the stated gap.","internal","derived: winner_ms + gap == driver_ms"
"results","1123|848","time","","+5.009","Kaggle leaves this null; Jolpica supplies it and the value is consistent with the winner's time plus the stated gap.","internal","derived: winner_ms + gap == driver_ms"
"results","1123|855","time","","+44.293","Kaggle leaves this null; Jolpica supplies it and the value is consistent with the winner's time plus the stated gap.","internal","derived: winner_ms + gap == driver_ms"
"results","1124|807","time","","+7.168","Kaggle leaves this null; Jolpica supplies it and the value is consistent with the winner's time plus the stated gap.","internal","derived: winner_ms + gap == driver_ms"
"results","1124|822","time","","+18.893","Kaggle leaves this null; Jolpica supplies it and the value is consistent with the winner's time plus the stated gap.","internal","derived: winner_ms + gap == driver_ms"
"results","1124|825","time","","+17.919","Kaggle leaves this null; Jolpica supplies it and the value is consistent with the winner's time plus the stated gap.","internal","derived: winner_ms + gap == driver_ms"
"results","1124|839","time","","+41.152","Kaggle leaves this null; Jolpica supplies it and the value is consistent with the winner's time plus the stated gap.","internal","derived: winner_ms + gap == driver_ms"
"results","1124|840","time","","+11.233","Kaggle leaves this null; Jolpica supplies it and the value is consistent with the winner's time plus the stated gap.","internal","derived: winner_ms + gap == driver_ms"
"results","1124|842","time","","+55.066","Kaggle leaves this null; Jolpica supplies it and the value is consistent with the winner's time plus the stated gap.","internal","derived: winner_ms + gap == driver_ms"
"results","1124|852","time","","+1.602","Kaggle leaves this null; Jolpica supplies it and the value is consistent with the winner's time plus the stated gap.","internal","derived: winner_ms + gap == driver_ms"
"results","1124|858","time","","+1:12.765","Kaggle leaves this null; Jolpica supplies it and the value is consistent with the winner's time plus the stated gap.","internal","derived: winner_ms + gap == driver_ms"
"results","1127|4","time","","+1:15.124","Kaggle leaves this null; Jolpica supplies it and the value is consistent with the winner's time plus the stated gap.","internal","derived: winner_ms + gap == driver_ms"
"results","1127|807","time","","+25.277","Kaggle leaves this null; Jolpica supplies it and the value is consistent with the winner's time plus the stated gap.","internal","derived: winner_ms + gap == driver_ms"
"results","1127|817","time","","+27.661","Kaggle leaves this null; Jolpica supplies it and the value is consistent with the winner's time plus the stated gap.","internal","derived: winner_ms + gap == driver_ms"
"results","1127|822","time","","+56.343","Kaggle leaves this null; Jolpica supplies it and the value is consistent with the winner's time plus the stated gap.","internal","derived: winner_ms + gap == driver_ms"
"results","1127|825","time","","+26.434","Kaggle leaves this null; Jolpica supplies it and the value is consistent with the winner's time plus the stated gap.","internal","derived: winner_ms + gap == driver_ms"
"results","1127|839","time","","+43.907","Kaggle leaves this null; Jolpica supplies it and the value is consistent with the winner's time plus the stated gap.","internal","derived: winner_ms + gap == driver_ms"
"results","1127|842","time","","+49.715","Kaggle leaves this null; Jolpica supplies it and the value is consistent with the winner's time plus the stated gap.","internal","derived: winner_ms + gap == driver_ms"
"results","1127|852","time","","+17.856","Kaggle leaves this null; Jolpica supplies it and the value is consistent with the winner's time plus the stated gap.","internal","derived: winner_ms + gap == driver_ms"
"results","1127|855","time","","+44.933","Kaggle leaves this null; Jolpica supplies it and the value is consistent with the winner's time plus the stated gap.","internal","derived: winner_ms + gap == driver_ms"
"results","1127|858","time","","+51.051","Kaggle leaves this null; Jolpica supplies it and the value is consistent with the winner's time plus the stated gap.","internal","derived: winner_ms + gap == driver_ms"
"results","1128|4","time","","+3.854","Kaggle leaves this null; Jolpica supplies it and the value is consistent with the winner's time plus the stated gap.","internal","derived: winner_ms + gap == driver_ms"
"results","1128|817","time","","+4.264","Kaggle leaves this null; Jolpica supplies it and the value is consistent with the winner's time plus the stated gap.","internal","derived: winner_ms + gap == driver_ms"
"results","1128|822","time","","+4.488","Kaggle leaves this null; Jolpica supplies it and the value is consistent with the winner's time plus the stated gap.","internal","derived: winner_ms + gap == driver_ms"
"results","1128|840","time","","+5.967","Kaggle leaves this null; Jolpica supplies it and the value is consistent with the winner's time plus the stated gap.","internal","derived: winner_ms + gap == driver_ms"
"results","1128|842","time","","+1:00.241","Kaggle leaves this null; Jolpica supplies it and the value is consistent with the winner's time plus the stated gap.","internal","derived: winner_ms + gap == driver_ms"
"results","1128|848","time","","+54.052","Kaggle leaves this null; Jolpica supplies it and the value is consistent with the winner's time plus the stated gap.","internal","derived: winner_ms + gap == driver_ms"
"results","1128|852","time","","+39.487","Kaggle leaves this null; Jolpica supplies it and the value is consistent with the winner's time plus the stated gap.","internal","derived: winner_ms + gap == driver_ms"
"results","1128|855","time","","+55.260","Kaggle leaves this null; Jolpica supplies it and the value is consistent with the winner's time plus the stated gap.","internal","derived: winner_ms + gap == driver_ms"
"results","1128|858","time","","+9.026","Kaggle leaves this null; Jolpica supplies it and the value is consistent with the winner's time plus the stated gap.","internal","derived: winner_ms + gap == driver_ms"
"results","1129|855","time","","+53.528","Kaggle leaves this null; Jolpica supplies it and the value is consistent with the winner's time plus the stated gap.","internal","derived: winner_ms + gap == driver_ms"
"results","1130|4","time","","+9.497","Kaggle leaves this null; Jolpica supplies it and the value is consistent with the winner's time plus the stated gap.","internal","derived: winner_ms + gap == driver_ms"
"results","1130|817","time","","+44.050","Kaggle leaves this null; Jolpica supplies it and the value is consistent with the winner's time plus the stated gap.","internal","derived: winner_ms + gap == driver_ms"
"results","1130|822","time","","+53.313","Kaggle leaves this null; Jolpica supplies it and the value is consistent with the winner's time plus the stated gap.","internal","derived: winner_ms + gap == driver_ms"
"results","1130|825","time","","+54.788","Kaggle leaves this null; Jolpica supplies it and the value is consistent with the winner's time plus the stated gap.","internal","derived: winner_ms + gap == driver_ms"
"results","1130|840","time","","+25.252","Kaggle leaves this null; Jolpica supplies it and the value is consistent with the winner's time plus the stated gap.","internal","derived: winner_ms + gap == driver_ms"
"results","1130|848","time","","+58.149","Kaggle leaves this null; Jolpica supplies it and the value is consistent with the winner's time plus the stated gap.","internal","derived: winner_ms + gap == driver_ms"
"results","1130|852","time","","+1:08.904","Kaggle leaves this null; Jolpica supplies it and the value is consistent with the winner's time plus the stated gap.","internal","derived: winner_ms + gap == driver_ms"
"results","1130|855","time","","+15.476","Kaggle leaves this null; Jolpica supplies it and the value is consistent with the winner's time plus the stated gap.","internal","derived: winner_ms + gap == driver_ms"
"results","1130|858","time","","+4.866","Kaggle leaves this null; Jolpica supplies it and the value is consistent with the winner's time plus the stated gap.","internal","derived: winner_ms + gap == driver_ms"
"results","1131|4","time","","+47.660","Kaggle leaves this null; Jolpica supplies it and the value is consistent with the winner's time plus the stated gap.","internal","derived: winner_ms + gap == driver_ms"
"results","1131|822","time","","+19.375","Kaggle leaves this null; Jolpica supplies it and the value is consistent with the winner's time plus the stated gap.","internal","derived: winner_ms + gap == driver_ms"
"results","1131|840","time","","+10.234","Kaggle leaves this null; Jolpica supplies it and the value is consistent with the winner's time plus the stated gap.","internal","derived: winner_ms + gap == driver_ms"
"results","1131|848","time","","+15.866","Kaggle leaves this null; Jolpica supplies it and the value is consistent with the winner's time plus the stated gap.","internal","derived: winner_ms + gap == driver_ms"
"results","1131|852","time","","+13.145","Kaggle leaves this null; Jolpica supplies it and the value is consistent with the winner's time plus the stated gap.","internal","derived: winner_ms + gap == driver_ms"
"results","1131|855","time","","+44.882","Kaggle leaves this null; Jolpica supplies it and the value is consistent with the winner's time plus the stated gap.","internal","derived: winner_ms + gap == driver_ms"
"results","1131|858","time","","+6.309","Kaggle leaves this null; Jolpica supplies it and the value is consistent with the winner's time plus the stated gap.","internal","derived: winner_ms + gap == driver_ms"
"results","1132|815","time","","+18.005","Kaggle leaves this null; Jolpica supplies it and the value is consistent with the winner's time plus the stated gap.","internal","derived: winner_ms + gap == driver_ms"
"results","1132|817","time","","+9.937","Kaggle leaves this null; Jolpica supplies it and the value is consistent with the winner's time plus the stated gap.","internal","derived: winner_ms + gap == driver_ms"
"results","1132|822","time","","+41.821","Kaggle leaves this null; Jolpica supplies it and the value is consistent with the winner's time plus the stated gap.","internal","derived: winner_ms + gap == driver_ms"
"results","1132|839","time","","+10.682","Kaggle leaves this null; Jolpica supplies it and the value is consistent with the winner's time plus the stated gap.","internal","derived: winner_ms + gap == driver_ms"
"results","1132|844","time","","+40.473","Kaggle leaves this null; Jolpica supplies it and the value is consistent with the winner's time plus the stated gap.","internal","derived: winner_ms + gap == driver_ms"
"results","1132|855","time","","+54.476","Kaggle leaves this null; Jolpica supplies it and the value is consistent with the winner's time plus the stated gap.","internal","derived: winner_ms + gap == driver_ms"
"results","1133|807","time","","+33.184","Kaggle leaves this null; Jolpica supplies it and the value is consistent with the winner's time plus the stated gap.","internal","derived: winner_ms + gap == driver_ms"
"results","1133|817","time","","+17.924","Kaggle leaves this null; Jolpica supplies it and the value is consistent with the winner's time plus the stated gap.","internal","derived: winner_ms + gap == driver_ms"
"results","1133|822","time","","+45.409","Kaggle leaves this null; Jolpica supplies it and the value is consistent with the winner's time plus the stated gap.","internal","derived: winner_ms + gap == driver_ms"
"results","1133|825","time","","+45.302","Kaggle leaves this null; Jolpica supplies it and the value is consistent with the winner's time plus the stated gap.","internal","derived: winner_ms + gap == driver_ms"
"results","1133|839","time","","+1:00.929","Kaggle leaves this null; Jolpica supplies it and the value is consistent with the winner's time plus the stated gap.","internal","derived: winner_ms + gap == driver_ms"
"results","1133|848","time","","+36.769","Kaggle leaves this null; Jolpica supplies it and the value is consistent with the winner's time plus the stated gap.","internal","derived: winner_ms + gap == driver_ms"
"results","1133|855","time","","+1:03.598","Kaggle leaves this null; Jolpica supplies it and the value is consistent with the winner's time plus the stated gap.","internal","derived: winner_ms + gap == driver_ms"
"results","1133|858","time","","+52.591","Kaggle leaves this null; Jolpica supplies it and the value is consistent with the winner's time plus the stated gap.","internal","derived: winner_ms + gap == driver_ms"
"results","1134|1","time","+0.526","1:19:57.566","Russell won on track then was disqualified; Kaggle kept gaps relative to him, leaving the classified winner with time=+0.526. Official: Hamilton 1:19:57.566, Piastri +0.647, Leclerc +8.023.","official","https://www.formula1.com/en/results/2024/races/1242/belgium/race-result"
"results","1134|4","time","+49.963","+49.437","Russell won on track then was disqualified; Kaggle kept gaps relative to him, leaving the classified winner with time=+0.526. Official: Hamilton 1:19:57.566, Piastri +0.647, Leclerc +8.023.","official","https://www.formula1.com/en/results/2024/races/1242/belgium/race-result"
"results","1134|807","time","+1:28.833","+1:28.307","Russell won on track then was disqualified; Kaggle kept gaps relative to him, leaving the classified winner with time=+0.526. Official: Hamilton 1:19:57.566, Piastri +0.647, Leclerc +8.023.","official","https://www.formula1.com/en/results/2024/races/1242/belgium/race-result"
"results","1134|815","time","+43.195","+42.669","Russell won on track then was disqualified; Kaggle kept gaps relative to him, leaving the classified winner with time=+0.526. Official: Hamilton 1:19:57.566, Piastri +0.647, Leclerc +8.023.","official","https://www.formula1.com/en/results/2024/races/1242/belgium/race-result"
"results","1134|817","time","+54.926","+54.400","Russell won on track then was disqualified; Kaggle kept gaps relative to him, leaving the classified winner with time=+0.526. Official: Hamilton 1:19:57.566, Piastri +0.647, Leclerc +8.023.","official","https://www.formula1.com/en/results/2024/races/1242/belgium/race-result"
"results","1134|822","time","+1:10.638","+1:10.112","Russell won on track then was disqualified; Kaggle kept gaps relative to him, leaving the classified winner with time=+0.526. Official: Hamilton 1:19:57.566, Piastri +0.647, Leclerc +8.023.","official","https://www.formula1.com/en/results/2024/races/1242/belgium/race-result"
"results","1134|825","time","+1:06.631","+1:06.105","Russell won on track then was disqualified; Kaggle kept gaps relative to him, leaving the classified winner with time=+0.526. Official: Hamilton 1:19:57.566, Piastri +0.647, Leclerc +8.023.","official","https://www.formula1.com/en/results/2024/races/1242/belgium/race-result"
"results","1134|830","time","+9.226","+8.700","Russell won on track then was disqualified; Kaggle kept gaps relative to him, leaving the classified winner with time=+0.526. Official: Hamilton 1:19:57.566, Piastri +0.647, Leclerc +8.023.","official","https://www.formula1.com/en/results/2024/races/1242/belgium/race-result"
"results","1134|832","time","+19.795","+19.269","Russell won on track then was disqualified; Kaggle kept gaps relative to him, leaving the classified winner with time=+0.526. Official: Hamilton 1:19:57.566, Piastri +0.647, Leclerc +8.023.","official","https://www.formula1.com/en/results/2024/races/1242/belgium/race-result"
"results","1134|839","time","+52.552","+52.026","Russell won on track then was disqualified; Kaggle kept gaps relative to him, leaving the classified winner with time=+0.526. Official: Hamilton 1:19:57.566, Piastri +0.647, Leclerc +8.023.","official","https://www.formula1.com/en/results/2024/races/1242/belgium/race-result"
"results","1134|840","time","+1:03.011","+1:02.485","Russell won on track then was disqualified; Kaggle kept gaps relative to him, leaving the classified winner with time=+0.526. Official: Hamilton 1:19:57.566, Piastri +0.647, Leclerc +8.023.","official","https://www.formula1.com/en/results/2024/races/1242/belgium/race-result"
"results","1134|842","time","+1:04.365","+1:03.839","Russell won on track then was disqualified; Kaggle kept gaps relative to him, leaving the classified winner with time=+0.526. Official: Hamilton 1:19:57.566, Piastri +0.647, Leclerc +8.023.","official","https://www.formula1.com/en/results/2024/races/1242/belgium/race-result"
"results","1134|844","time","+8.549","+8.023","Russell won on track then was disqualified; Kaggle kept gaps relative to him, leaving the classified winner with time=+0.526. Official: Hamilton 1:19:57.566, Piastri +0.647, Leclerc +8.023.","official","https://www.formula1.com/en/results/2024/races/1242/belgium/race-result"
"results","1134|846","time","+9.850","+9.324","Russell won on track then was disqualified; Kaggle kept gaps relative to him, leaving the classified winner with time=+0.526. Official: Hamilton 1:19:57.566, Piastri +0.647, Leclerc +8.023.","official","https://www.formula1.com/en/results/2024/races/1242/belgium/race-result"
"results","1134|847","time","1:19:57.040","","Russell won on track then was disqualified; Kaggle kept gaps relative to him, leaving the classified winner with time=+0.526. Official: Hamilton 1:19:57.566, Piastri +0.647, Leclerc +8.023.","official","https://www.formula1.com/en/results/2024/races/1242/belgium/race-result"
"results","1134|848","time","+1:03.651","+1:03.125","Russell won on track then was disqualified; Kaggle kept gaps relative to him, leaving the classified winner with time=+0.526. Official: Hamilton 1:19:57.566, Piastri +0.647, Leclerc +8.023.","official","https://www.formula1.com/en/results/2024/races/1242/belgium/race-result"
"results","1134|852","time","+1:16.737","+1:16.211","Russell won on track then was disqualified; Kaggle kept gaps relative to him, leaving the classified winner with time=+0.526. Official: Hamilton 1:19:57.566, Piastri +0.647, Leclerc +8.023.","official","https://www.formula1.com/en/results/2024/races/1242/belgium/race-result"
"results","1134|857","time","+1.173","+0.647","Russell won on track then was disqualified; Kaggle kept gaps relative to him, leaving the classified winner with time=+0.526. Official: Hamilton 1:19:57.566, Piastri +0.647, Leclerc +8.023.","official","https://www.formula1.com/en/results/2024/races/1242/belgium/race-result"
"results","1134|858","time","+1:26.057","+1:25.531","Russell won on track then was disqualified; Kaggle kept gaps relative to him, leaving the classified winner with time=+0.526. Official: Hamilton 1:19:57.566, Piastri +0.647, Leclerc +8.023.","official","https://www.formula1.com/en/results/2024/races/1242/belgium/race-result"
"results","1135|4","time","","+13.533","Kaggle leaves this null; Jolpica supplies it and the value is consistent with the winner's time plus the stated gap.","internal","derived: winner_ms + gap == driver_ms"
"results","1135|807","time","","+19.214","Kaggle leaves this null; Jolpica supplies it and the value is consistent with the winner's time plus the stated gap.","internal","derived: winner_ms + gap == driver_ms"
"results","1135|817","time","","+21.067","Kaggle leaves this null; Jolpica supplies it and the value is consistent with the winner's time plus the stated gap.","internal","derived: winner_ms + gap == driver_ms"
"results","1135|822","time","","+3.248","Kaggle leaves this null; Jolpica supplies it and the value is consistent with the winner's time plus the stated gap.","internal","derived: winner_ms + gap == driver_ms"
"results","1135|825","time","","+1:05.707","Kaggle leaves this null; Jolpica supplies it and the value is consistent with the winner's time plus the stated gap.","internal","derived: winner_ms + gap == driver_ms"
"results","1135|839","time","","+46.878","Kaggle leaves this null; Jolpica supplies it and the value is consistent with the winner's time plus the stated gap.","internal","derived: winner_ms + gap == driver_ms"
"results","1135|840","time","","+25.712","Kaggle leaves this null; Jolpica supplies it and the value is consistent with the winner's time plus the stated gap.","internal","derived: winner_ms + gap == driver_ms"
"results","1135|842","time","","+8.604","Kaggle leaves this null; Jolpica supplies it and the value is consistent with the winner's time plus the stated gap.","internal","derived: winner_ms + gap == driver_ms"
"results","1135|848","time","","+40.711","Kaggle leaves this null; Jolpica supplies it and the value is consistent with the winner's time plus the stated gap.","internal","derived: winner_ms + gap == driver_ms"
"results","1135|852","time","","+1:05.146","Kaggle leaves this null; Jolpica supplies it and the value is consistent with the winner's time plus the stated gap.","internal","derived: winner_ms + gap == driver_ms"
"results","1135|855","time","","+36.019","Kaggle leaves this null; Jolpica supplies it and the value is consistent with the winner's time plus the stated gap.","internal","derived: winner_ms + gap == driver_ms"
"results","1135|858","time","","+1:04.539","Kaggle leaves this null; Jolpica supplies it and the value is consistent with the winner's time plus the stated gap.","internal","derived: winner_ms + gap == driver_ms"
"results","1136|807","time","","+30.870","Kaggle leaves this null; Jolpica supplies it and the value is consistent with the winner's time plus the stated gap.","internal","derived: winner_ms + gap == driver_ms"
"results","1136|822","time","","+27.211","Kaggle leaves this null; Jolpica supplies it and the value is consistent with the winner's time plus the stated gap.","internal","derived: winner_ms + gap == driver_ms"
"results","1136|839","time","","+12.659","Kaggle leaves this null; Jolpica supplies it and the value is consistent with the winner's time plus the stated gap.","internal","derived: winner_ms + gap == driver_ms"
"results","1136|840","time","","+43.508","Kaggle leaves this null; Jolpica supplies it and the value is consistent with the winner's time plus the stated gap.","internal","derived: winner_ms + gap == driver_ms"
"results","1136|842","time","","+18.344","Kaggle leaves this null; Jolpica supplies it and the value is consistent with the winner's time plus the stated gap.","internal","derived: winner_ms + gap == driver_ms"
"results","1136|855","time","","+40.055","Kaggle leaves this null; Jolpica supplies it and the value is consistent with the winner's time plus the stated gap.","internal","derived: winner_ms + gap == driver_ms"
"results","1137|822","time","","+25.395","Kaggle leaves this null; Jolpica supplies it and the value is consistent with the winner's time plus the stated gap.","internal","derived: winner_ms + gap == driver_ms"
"results","1137|839","time","","+21.344","Kaggle leaves this null; Jolpica supplies it and the value is consistent with the winner's time plus the stated gap.","internal","derived: winner_ms + gap == driver_ms"
"results","1138|4","time","","+0.873","Kaggle leaves this null; Jolpica supplies it and the value is consistent with the winner's time plus the stated gap.","internal","derived: winner_ms + gap == driver_ms"
"results","1138|807","time","","+3.140","Kaggle leaves this null; Jolpica supplies it and the value is consistent with the winner's time plus the stated gap.","internal","derived: winner_ms + gap == driver_ms"
"results","1138|815","time","","+4.624","Kaggle leaves this null; Jolpica supplies it and the value is consistent with the winner's time plus the stated gap.","internal","derived: winner_ms + gap == driver_ms"
"results","1138|817","time","","+1:29.796","Kaggle leaves this null; Jolpica supplies it and the value is consistent with the winner's time plus the stated gap.","internal","derived: winner_ms + gap == driver_ms"
"results","1138|822","time","","+57.829","Kaggle leaves this null; Jolpica supplies it and the value is consistent with the winner's time plus the stated gap.","internal","derived: winner_ms + gap == driver_ms"
"results","1138|839","time","","+44.005","Kaggle leaves this null; Jolpica supplies it and the value is consistent with the winner's time plus the stated gap.","internal","derived: winner_ms + gap == driver_ms"
"results","1138|840","time","","+47.571","Kaggle leaves this null; Jolpica supplies it and the value is consistent with the winner's time plus the stated gap.","internal","derived: winner_ms + gap == driver_ms"
"results","1138|842","time","","+59.059","Kaggle leaves this null; Jolpica supplies it and the value is consistent with the winner's time plus the stated gap.","internal","derived: winner_ms + gap == driver_ms"
"results","1138|852","time","","+8.792","Kaggle leaves this null; Jolpica supplies it and the value is consistent with the winner's time plus the stated gap.","internal","derived: winner_ms + gap == driver_ms"
"results","1138|855","time","","+57.220","Kaggle leaves this null; Jolpica supplies it and the value is consistent with the winner's time plus the stated gap.","internal","derived: winner_ms + gap == driver_ms"
"results","1138|861","time","","+6.284","Kaggle leaves this null; Jolpica supplies it and the value is consistent with the winner's time plus the stated gap.","internal","derived: winner_ms + gap == driver_ms"
"results","1139|4","time","","+1.726","Kaggle leaves this null; Jolpica supplies it and the value is consistent with the winner's time plus the stated gap.","internal","derived: winner_ms + gap == driver_ms"
"results","1139|822","time","","+34.333","Kaggle leaves this null; Jolpica supplies it and the value is consistent with the winner's time plus the stated gap.","internal","derived: winner_ms + gap == driver_ms"
"results","1139|839","time","","+42.112","Kaggle leaves this null; Jolpica supplies it and the value is consistent with the winner's time plus the stated gap.","internal","derived: winner_ms + gap == driver_ms"
"results","1139|840","time","","+16.983","Kaggle leaves this null; Jolpica supplies it and the value is consistent with the winner's time plus the stated gap.","internal","derived: winner_ms + gap == driver_ms"
"results","1139|848","time","","+18.092","Kaggle leaves this null; Jolpica supplies it and the value is consistent with the winner's time plus the stated gap.","internal","derived: winner_ms + gap == driver_ms"
"results","1139|852","time","","+8.212","Kaggle leaves this null; Jolpica supplies it and the value is consistent with the winner's time plus the stated gap.","internal","derived: winner_ms + gap == driver_ms"
"results","1139|855","time","","+49.240","Kaggle leaves this null; Jolpica supplies it and the value is consistent with the winner's time plus the stated gap.","internal","derived: winner_ms + gap == driver_ms"
"results","1140|807","time","","+2.720","Kaggle leaves this null; Jolpica supplies it and the value is consistent with the winner's time plus the stated gap.","internal","derived: winner_ms + gap == driver_ms"
"results","1140|815","time","","+1:13.284","Kaggle leaves this null; Jolpica supplies it and the value is consistent with the winner's time plus the stated gap.","internal","derived: winner_ms + gap == driver_ms"
"results","1140|822","time","","+42.227","Kaggle leaves this null; Jolpica supplies it and the value is consistent with the winner's time plus the stated gap.","internal","derived: winner_ms + gap == driver_ms"
"results","1140|839","time","","+39.663","Kaggle leaves this null; Jolpica supplies it and the value is consistent with the winner's time plus the stated gap.","internal","derived: winner_ms + gap == driver_ms"
"results","1140|840","time","","+25.072","Kaggle leaves this null; Jolpica supplies it and the value is consistent with the winner's time plus the stated gap.","internal","derived: winner_ms + gap == driver_ms"
"results","1140|842","time","","+18.587","Kaggle leaves this null; Jolpica supplies it and the value is consistent with the winner's time plus the stated gap.","internal","derived: winner_ms + gap == driver_ms"
"results","1140|855","time","","+1:01.722","Kaggle leaves this null; Jolpica supplies it and the value is consistent with the winner's time plus the stated gap.","internal","derived: winner_ms + gap == driver_ms"
"results","1140|859","time","","+1:04.466","Kaggle leaves this null; Jolpica supplies it and the value is consistent with the winner's time plus the stated gap.","internal","derived: winner_ms + gap == driver_ms"
"results","1140|861","time","","+37.497","Kaggle leaves this null; Jolpica supplies it and the value is consistent with the winner's time plus the stated gap.","internal","derived: winner_ms + gap == driver_ms"
"results","1142|822","time","","+11.285","Kaggle leaves this null; Jolpica supplies it and the value is consistent with the winner's time plus the stated gap.","internal","derived: winner_ms + gap == driver_ms"
"results","1142|839","time","","+2.060","Kaggle leaves this null; Jolpica supplies it and the value is consistent with the winner's time plus the stated gap.","internal","derived: winner_ms + gap == driver_ms"
"results","1143|848","time","","+12.969","Kaggle leaves this null; Jolpica supplies it and the value is consistent with the winner's time plus the stated gap.","internal","derived: winner_ms + gap == driver_ms"
"results","1144|825","time","","+1:17.597","Kaggle leaves this null; Jolpica supplies it and the value is consistent with the winner's time plus the stated gap.","internal","derived: winner_ms + gap == driver_ms"
"results","1144|840","time","","+18.473","Kaggle leaves this null; Jolpica supplies it and the value is consistent with the winner's time plus the stated gap.","internal","derived: winner_ms + gap == driver_ms"
"results","1144|848","time","","+11.251","Kaggle leaves this null; Jolpica supplies it and the value is consistent with the winner's time plus the stated gap.","internal","derived: winner_ms + gap == driver_ms"
"results","1144|852","time","","+14.738","Kaggle leaves this null; Jolpica supplies it and the value is consistent with the winner's time plus the stated gap.","internal","derived: winner_ms + gap == driver_ms"
"results","1144|855","time","","+17.304","Kaggle leaves this null; Jolpica supplies it and the value is consistent with the winner's time plus the stated gap.","internal","derived: winner_ms + gap == driver_ms"
"results","1144|862","time","","+26.555","Kaggle leaves this null; Jolpica supplies it and the value is consistent with the winner's time plus the stated gap.","internal","derived: winner_ms + gap == driver_ms"
